{
 "patient_id": 5880,
 "diagnosis_prediction": {
  "Myocarditis": 1.0,
  "Spontaneous pneumothorax": 0.1059047619047619,
  "Stable angina": 0.08,
  "Unstable angina": 0.075,
  "Chagas": 0.03,
  "Acute pulmonary edema": 0.03,
  "GERD": 0.003333333333333333
 }
}