{
 "patient_id": 53328,
 "diagnosis_prediction": {
  "Viral pharyngitis": 1.0,
  "Acute rhinosinusitis": 1.0,
  "Acute otitis media": 0.898641067266067,
  "URTI": 0.24425834296422522,
  "Bronchiolitis": 0.05,
  "Chronic rhinosinusitis": 0.009166666666666667
 }
}