{
 "patient_id": 66860,
 "diagnosis_prediction": {
  "URTI": 1.0,
  "Influenza": 0.2533333333333333,
  "Acute laryngitis": 0.09857142857142857,
  "Bronchitis": 0.040999999999999995,
  "Acute otitis media": 0.03666666666666667,
  "Viral pharyngitis": 0.02,
  "Ebola": 0.02,
  "Tuberculosis": 0.01,
  "Panic attack": 0.01,
  "Bronchiolitis": 0.01
 }
}