{
 "patient_id": 53325,
 "diagnosis_prediction": {
  "Acute laryngitis": 1.0,
  "Acute otitis media": 0.7817358058608059,
  "Bronchitis": 0.38535714285714284,
  "Viral pharyngitis": 0.21875641025641027,
  "Bronchiolitis": 0.09,
  "Tuberculosis": 0.04,
  "Ebola": 0.03,
  "Croup": 0.01
 }
}