{
 "patient_id": 59238,
 "diagnosis_prediction": {
  "Acute laryngitis": 0.995,
  "Acute otitis media": 0.9185861144789164,
  "Viral pharyngitis": 0.8562770562770562,
  "Chagas": 0.01,
  "Bronchitis": 0.01
 }
}