{
 "patient_id": 997,
 "diagnosis_prediction": {
  "Viral pharyngitis": 0.9502500520124548,
  "Acute otitis media": 0.947044981215857,
  "URTI": 0.15505974580974577,
  "Croup": 0.1,
  "Bronchiolitis": 0.02,
  "Acute laryngitis": 0.005
 }
}