{
 "patient_id": 52310,
 "diagnosis_prediction": {
  "Acute otitis media": 0.9540201967905659,
  "Viral pharyngitis": 0.929185127187058,
  "URTI": 0.41420165945165943
 }
}